model,folds,accuracy_mean,accuracy_sd,balanced_accuracy_mean,balanced_accuracy_sd,macro_precision_mean,macro_precision_sd,macro_recall_mean,macro_recall_sd,macro_f1_mean,macro_f1_sd,macro_specificity_mean,macro_specificity_sd,macro_auc_ovr_mean,macro_auc_ovr_sd,mcc_mean,mcc_sd,cohen_kappa_mean,cohen_kappa_sd,log_loss_mean,log_loss_sd,brier_multiclass_mean,brier_multiclass_sd
HCT-Net,5,0.6268101720502877,0.017596359334914463,0.625667524622868,0.017505465034176815,0.6427283887224092,0.017532456124952724,0.625667524622868,0.017505465034176815,0.6290639274378013,0.017024404412350994,0.9067106508829734,0.004376404520433784,0.8945383558148287,0.00404754913744889,0.5354521649257141,0.022170144874762057,0.5332866588158331,0.021946637043862387,0.8694732654179133,0.016224332637544733,0.4802328316534633,0.012542478270885863
LGPNet,5,0.67836427365317,0.022405187031371458,0.676725415654641,0.022256156475698518,0.6869856862382321,0.018371961542305595,0.676725415654641,0.022256156475698518,0.6778280990108573,0.02087258907824546,0.9196352028651157,0.005635139036714573,0.9174137239868904,0.005804713253258876,0.5996017185400003,0.027798975194622853,0.5977555685601589,0.028060414698420584,0.7593204415874033,0.029963602972352853,0.42072399396657084,0.020527885725997123
A2SDNet121,5,0.7080170624820765,0.005190340481812609,0.7061383975154858,0.005471741330705449,0.7121146319087184,0.00454059813292484,0.7061383975154858,0.005471741330705449,0.7067513033707529,0.004741592067855809,0.9270807817463295,0.0013365419185560456,0.9276106732330701,0.001944224728105764,0.6359689168320545,0.006588621028598556,0.6348613826597327,0.0065707985794117105,0.6977906121579183,0.01539671922074997,0.3855311340621861,0.008226011383925229
DeepCervix-HDFF,5,0.6835003528202932,0.020109725707950034,0.6817619752826043,0.02049492457054556,0.6916061593539844,0.018179584100938975,0.6817619752826043,0.02049492457054556,0.6820367391783997,0.019404430894968402,0.9209263051689118,0.0050648450621339405,0.9172908876491495,0.003660444400659031,0.6063046480628297,0.025248209604481264,0.6041775186072458,0.02524080048313055,0.7572639241622396,0.023447313392341643,0.4193856328622051,0.018228999646032577
MSCCNet,5,0.6878512211954592,0.015363276144111052,0.6861133726853138,0.015450502332067422,0.6906781689964867,0.017875975232656015,0.6861133726853138,0.015450502332067422,0.6846425711786743,0.01531702037448385,0.9220064375327052,0.0038501607809478047,0.9167447836570443,0.003561257275631751,0.6112912951389691,0.019614720885139394,0.6096083821297258,0.019234792999395425,0.7589453243077543,0.01836653433159144,0.4158165476612205,0.010399027129640985
CerCan-Net,5,0.6742762864597855,0.016774692278097466,0.6724263166868101,0.016283378773879108,0.679648027427268,0.012781839420522453,0.6724263166868101,0.016283378773879108,0.6713070156312057,0.015157997655882202,0.9185916080715074,0.004196667489859894,0.9093889051702746,0.0044930071813040606,0.5947418323148446,0.020593393844903427,0.5925932060103329,0.0209328399949293,0.8150950863909658,0.07223615458700096,0.4307475830957306,0.012879766207398492
DIFF,5,0.6523862855893479,0.015949988060745553,0.6508584430741624,0.015927833966974836,0.6692769584769284,0.015240531363440085,0.6508584430741624,0.015927833966974836,0.6545269373258839,0.015523606009869514,0.9130719455090432,0.004003572571042509,0.9063596095257322,0.0042790309024295856,0.5674717461258426,0.020011775417705584,0.565166862849902,0.01997601839156402,0.8288323830809061,0.01508525213106127,0.45953519923256536,0.013875303666390547
PCA+GWO,5,0.5718378067642561,0.0202128828363614,0.5727738105574514,0.020322704183126948,0.5658419408424497,0.023519429036781954,0.5727738105574514,0.020322704183126948,0.5587814534009288,0.02127485055509178,0.8930109426402686,0.005069690877293882,0.8420896930697144,0.010495764827371036,0.4688926256567133,0.02547930375149557,0.46490585318013505,0.02529632248774957,2.39011301651157,0.12467903685257778,0.5607820248193491,0.02034255692231541
CNN+GA+SVM,5,0.6626699981524282,0.011724577243716098,0.6616051533742737,0.011988642228313863,0.6610056550313227,0.010128869864098881,0.6616051533742737,0.011988642228313863,0.6604513570506659,0.010828362775511616,0.9156402789485716,0.00291231065471673,0.9046079581737306,0.00209397278131123,0.5784653277404325,0.014763190399555736,0.578071067010882,0.014658385341820849,0.810242029660275,0.016756874785724036,0.4447477393532925,0.008975820274656604
KnowledgeDistill,5,0.6860043340957855,0.013661432161078093,0.6842442651254932,0.013928669058607552,0.6910494874036875,0.01248430789696313,0.6842442651254932,0.013928669058607552,0.6826430045688323,0.013631550509664353,0.9215418180751473,0.0034341342756028827,0.9162426615383821,0.004381938633359529,0.6095462996954273,0.016613584072080936,0.6072909441116943,0.017139019045383234,0.7747741434043659,0.024568526255054873,0.42202073399707396,0.012886566575085917
MSENet,5,0.29300684815182654,0.143270518141736,0.2925865197609608,0.1464546795691087,0.20405512696189163,0.19714437708749882,0.2925865197609608,0.1464546795691087,0.18278115597332256,0.1895925865998727,0.8226612996913888,0.03625421092477419,0.5892029543655639,0.14934294541998971,0.1372058620715415,0.1855050665161352,0.11364457697914994,0.1814594160137152,1.4974472993091272,0.2205712402532173,0.7517146081810714,0.09243219189486634
MTFM,5,0.7018266173566453,0.01572160676194061,0.6996689075335031,0.015757372129712628,0.7020764075144454,0.01512555026109375,0.6996689075335031,0.015757372129712628,0.6975561083832194,0.01524427724813868,0.9255172592828588,0.00394301758307665,0.9200884908259306,0.00398531140372626,0.6285590297699988,0.01974180195313937,0.6270715882869029,0.019681361656680735,0.7436962310017033,0.01581549905664259,0.405977482579977,0.011178482706214677
