model,folds,accuracy_mean,accuracy_sd,balanced_accuracy_mean,balanced_accuracy_sd,macro_precision_mean,macro_precision_sd,macro_recall_mean,macro_recall_sd,macro_specificity_mean,macro_specificity_sd,macro_f1_mean,macro_f1_sd,macro_auc_mean,macro_auc_sd
HCT-Net,5,0.62681017205,0.0175963593349,0.625667524623,0.0175054650342,0.642728388722,0.017532456125,0.625667524623,0.0175054650342,0.906710650883,0.00437640452043,0.629063927438,0.0170244044124,0.894538355815,0.00404754913745
LGPNet,5,0.678364273653,0.0224051870314,0.676725415655,0.0222561564757,0.686985686238,0.0183719615423,0.676725415655,0.0222561564757,0.919635202865,0.00563513903671,0.677828099011,0.0208725890782,0.917413723987,0.00580471325326
A2SDNet121,5,0.708017062482,0.00519034048181,0.706138397515,0.00547174133071,0.712114631909,0.00454059813292,0.706138397515,0.00547174133071,0.927080781746,0.00133654191856,0.706751303371,0.00474159206786,0.927610673233,0.00194422472811
DeepCervix-HDFF,5,0.68350035282,0.020109725708,0.681761975283,0.0204949245705,0.691606159354,0.0181795841009,0.681761975283,0.0204949245705,0.920926305169,0.00506484506213,0.682036739178,0.019404430895,0.917290887649,0.00366044440066
MSCCNet,5,0.687851221195,0.0153632761441,0.686113372685,0.0154505023321,0.690678168996,0.0178759752327,0.686113372685,0.0154505023321,0.922006437533,0.00385016078095,0.684642571179,0.0153170203745,0.916744783657,0.00356125727563
CerCan-Net,5,0.67427628646,0.0167746922781,0.672426316687,0.0162833787739,0.679648027427,0.0127818394205,0.672426316687,0.0162833787739,0.918591608072,0.00419666748986,0.671307015631,0.0151579976559,0.90938890517,0.0044930071813
DIFF,5,0.652386285589,0.0159499880607,0.650858443074,0.015927833967,0.669276958477,0.0152405313634,0.650858443074,0.015927833967,0.913071945509,0.00400357257104,0.654526937326,0.0155236060099,0.906359609526,0.00427903090243
PCA+GWO,5,0.571837806764,0.0202128828364,0.572773810557,0.0203227041831,0.565841940842,0.0235194290368,0.572773810557,0.0203227041831,0.89301094264,0.00506969087729,0.558781453401,0.0212748505551,0.84208969307,0.0104957648274
CNN+GA+SVM,5,0.662669998152,0.0117245772437,0.661605153374,0.0119886422283,0.661005655031,0.0101288698641,0.661605153374,0.0119886422283,0.915640278949,0.00291231065472,0.660451357051,0.0108283627755,0.904607958174,0.00209397278131
MERA-Dx,5,0.777617501212,0.00629263812846,0.775805745633,0.00665143404618,0.775986194695,0.00695391492699,0.775805745633,0.00665143404618,0.944475080702,0.00159053306005,0.775189248785,0.00652651393433,0.945924521469,0.00220590867906
