model,fold,accuracy,balanced_accuracy,macro_precision,macro_recall,macro_specificity,macro_f1,macro_auc,source_epoch
A2SDNet121,0,0.704410796577,0.702171240524,0.710551443335,0.702171240524,0.926149999191,0.704534834807,0.92758315229,
A2SDNet121,1,0.711462450593,0.7096119976,0.71139076529,0.7096119976,0.928019049141,0.709051480612,0.930458125857,
A2SDNet121,2,0.702043506922,0.699923495111,0.708102982704,0.699923495111,0.925551434252,0.700757403047,0.926786436568,
A2SDNet121,3,0.707317073171,0.705566505958,0.710596521396,0.705566505958,0.9268665878,0.706077679766,0.928086007648,
A2SDNet121,4,0.714851485149,0.713418748384,0.719931446819,0.713418748384,0.928816838349,0.713335118622,0.925139643804,
CNN+GA+SVM,0,0.647136273864,0.645215074386,0.647064386848,0.645215074386,0.911765493882,0.645229050642,0.901924207094,
CNN+GA+SVM,1,0.668642951252,0.668278730203,0.664936363626,0.668278730203,0.917172541539,0.665330057577,0.903843887488,
CNN+GA+SVM,2,0.661832564272,0.660786010105,0.65955726386,0.660786010105,0.915418503026,0.659483232067,0.906593495544,
CNN+GA+SVM,3,0.6783124588,0.677011219156,0.67488420941,0.677011219156,0.919494142337,0.674726344736,0.906878754178,
CNN+GA+SVM,4,0.657425742574,0.656734733021,0.658586051413,0.656734733021,0.914350713958,0.657488100231,0.903799446564,
CerCan-Net,0,0.657669519421,0.655243656495,0.669243566913,0.655243656495,0.914326924129,0.655674953077,0.908377786882,
CerCan-Net,1,0.65744400527,0.65740258636,0.665684606559,0.65740258636,0.914477658384,0.65811054503,0.908693200653,
CerCan-Net,2,0.680290046144,0.677280648607,0.678833379961,0.677280648607,0.920142674122,0.673583267148,0.915894928268,
CerCan-Net,3,0.696769940672,0.694528653593,0.696272170777,0.694528653593,0.924198827009,0.693034730406,0.903425768095,
CerCan-Net,4,0.679207920792,0.677676038379,0.688206412927,0.677676038379,0.919811956713,0.676131582494,0.910552841953,
DIFF,0,0.655694535879,0.654221023628,0.670787595686,0.654221023628,0.91389800119,0.658105465305,0.909179839476,
DIFF,1,0.656126482213,0.655473150137,0.672894933316,0.655473150137,0.914115318582,0.659596000126,0.905074461548,
DIFF,2,0.624917600527,0.62323258029,0.643054363745,0.62323258029,0.906161588419,0.627640596082,0.900650362495,
DIFF,3,0.66644693474,0.664285477015,0.681169477783,0.664285477015,0.916563198945,0.66790229419,0.911787933661,
DIFF,4,0.658745874587,0.657079984301,0.678478421855,0.657079984301,0.914621620409,0.659390330927,0.905105450449,
DeepCervix-HDFF,0,0.676761026991,0.674886777138,0.686648490307,0.674886777138,0.919241631453,0.676881415451,0.91665396302,
DeepCervix-HDFF,1,0.70092226614,0.700455902209,0.704225712353,0.700455902209,0.92535092499,0.700309792147,0.91778112068,
DeepCervix-HDFF,2,0.653263019117,0.651111153988,0.663307817148,0.651111153988,0.913321816287,0.652838549175,0.912331109742,
DeepCervix-HDFF,3,0.684245220831,0.682050048629,0.694036751453,0.682050048629,0.921063462558,0.681026527105,0.917077174703,
DeepCervix-HDFF,4,0.702310231023,0.700305994449,0.70981202551,0.700305994449,0.925653690557,0.699127412014,0.922611070101,
HCT-Net,0,0.647794601712,0.646585180245,0.663412619644,0.646585180245,0.911933907416,0.650302635942,0.898500130232,
HCT-Net,1,0.62582345191,0.625635637113,0.643626704521,0.625635637113,0.906532044128,0.629902544069,0.895282265209,
HCT-Net,2,0.601845748187,0.600992150183,0.619563825758,0.600992150183,0.900500303606,0.605027427608,0.889717349957,
HCT-Net,3,0.620303230059,0.61828436387,0.632050845803,0.61828436387,0.905051902179,0.622047801595,0.890988191226,
HCT-Net,4,0.638283828383,0.636840291704,0.654987947886,0.636840291704,0.909535097087,0.638039227974,0.898203842451,
LGPNet,0,0.672152732061,0.670602797005,0.682249639188,0.670602797005,0.918090134647,0.672971145015,0.915666056857,
LGPNet,1,0.680500658762,0.679800016941,0.6873915651,0.679800016941,0.920259752975,0.680713744289,0.919686254809,
LGPNet,2,0.646671061305,0.644950881647,0.662073716757,0.644950881647,0.911637294631,0.647335853721,0.908978402745,
LGPNet,3,0.683586025049,0.681517651784,0.689788052244,0.681517651784,0.920892372246,0.682789899168,0.917896364872,
LGPNet,4,0.708910891089,0.706755730897,0.713425457902,0.706755730897,0.927296459827,0.705329852862,0.924841540651,
MERA-Dx,0,0.776168531929,0.774255449445,0.77445213139,0.774255449445,0.944123737829,0.774246820685,0.946991815401,30
MERA-Dx,1,0.780632411067,0.779465321212,0.779976218386,0.779465321212,0.945275158784,0.778742159055,0.948854311636,30
MERA-Dx,2,0.783124588003,0.781300604271,0.781574883946,0.781300604271,0.9458093543,0.781009726,0.945547354105,30
MERA-Dx,3,0.767303889255,0.764859957042,0.764495186909,0.764859957042,0.941853580826,0.764361216584,0.942880222824,30
MERA-Dx,4,0.780858085809,0.779147396192,0.779432552843,0.779147396192,0.945313571771,0.777586321599,0.945348903379,30
MSCCNet,0,0.685319289006,0.683432847988,0.694332622737,0.683432847988,0.92135427725,0.684038838921,0.914420583529,
MSCCNet,1,0.686429512516,0.685465924635,0.686389905326,0.685465924635,0.921681963347,0.684438487528,0.917048234843,
MSCCNet,2,0.664469347396,0.662363844623,0.663993230888,0.662363844623,0.916139578487,0.660106387842,0.912423660726,
MSCCNet,3,0.698747528016,0.696768368646,0.695359380466,0.696768368646,0.924747148752,0.694589238877,0.921712167736,
MSCCNet,4,0.704290429043,0.702535877534,0.713315705566,0.702535877534,0.926109219829,0.700039902726,0.918119271451,
PCA+GWO,0,0.592495062541,0.594099444159,0.594524743776,0.594099444159,0.898260486309,0.581492251763,0.851716530231,
PCA+GWO,1,0.584321475626,0.585079850297,0.578967867903,0.585079850297,0.896138228724,0.572402636025,0.847982465991,
PCA+GWO,2,0.542518127884,0.543352568604,0.538236312705,0.543352568604,0.88570990398,0.528450106804,0.827087496229,
PCA+GWO,3,0.560316413975,0.56141239115,0.545422614809,0.56141239115,0.890066222771,0.546530036453,0.835196086956,
PCA+GWO,4,0.579537953795,0.579924798577,0.572058165019,0.579924798577,0.894879871417,0.56503223596,0.848465885941,
