model,fold,n,accuracy,balanced_accuracy,macro_precision,macro_recall,macro_f1,macro_specificity,macro_auc_ovr,mcc,cohen_kappa,log_loss,brier_multiclass
HCT-Net,0,1519,0.6477946017116524,0.6465851802450303,0.6634126196435827,0.6465851802450303,0.6503026359416615,0.911933907415521,0.8985001302315997,0.561457294593965,0.559473144701443,0.8599756255034264,0.46668770410091875
HCT-Net,1,1518,0.6258234519104084,0.6256356371131694,0.6436267045210134,0.6256356371131694,0.6299025440693743,0.906532044127909,0.8952822652088355,0.5341277685674368,0.5322835773289156,0.8626563316086824,0.4806946946635257
HCT-Net,2,1517,0.6018457481872116,0.6009921501827729,0.6195638257580652,0.6009921501827729,0.6050274276082308,0.9005003036056829,0.8897173499572075,0.5044424724012021,0.5021662473988189,0.8921339665452647,0.49803644615987525
HCT-Net,3,1517,0.6203032300593276,0.6182843638696276,0.6320508458030168,0.6182843638696276,0.622047801595404,0.90505190217871,0.8909881912259238,0.5262390113290754,0.5249906769461263,0.8801312552828967,0.48553626239804465
HCT-Net,4,1515,0.6382838283828383,0.6368402917037395,0.6549879478863676,0.6368402917037395,0.6380392279743355,0.9095350970870445,0.8982038424505768,0.5509942777368914,0.547519647703862,0.8524691481492964,0.47020905094495224
LGPNet,0,1519,0.6721527320605661,0.6706027970046718,0.6822496391884767,0.6706027970046718,0.6729711450150525,0.9180901346465931,0.9156660568569375,0.5915055072345861,0.5900117176363977,0.7729541998036588,0.42458750086829533
LGPNet,1,1518,0.6805006587615283,0.679800016941079,0.687391565100034,0.679800016941079,0.6807137442885092,0.9202597529754577,0.9196862548090226,0.6018967927807286,0.6006610899631268,0.747448437858637,0.41450110979738214
LGPNet,2,1517,0.6466710613052077,0.6449508816466432,0.6620737167565703,0.6449508816466432,0.6473358537207275,0.9116372946307296,0.9089784027452108,0.5609119889344238,0.5579884886267024,0.8006962013302853,0.45105309450039477
LGPNet,3,1517,0.6835860250494397,0.6815176517841873,0.6897880522436197,0.6815176517841873,0.6827898991677819,0.9208923722458927,0.917896364871894,0.6055115726272979,0.6041696564860598,0.7553878705028712,0.4194063804079811
LGPNet,4,1515,0.7089108910891089,0.7067557308966236,0.7134254579024593,0.7067557308966236,0.7053298528622151,0.9272964598269058,0.9248415406513868,0.6381827311229651,0.6359468900885075,0.7201154984415649,0.3940718842588011
A2SDNet121,0,1519,0.7044107965766951,0.702171240523617,0.7105514433345156,0.702171240523617,0.7045348348068101,0.9261499991906874,0.9275831522898018,0.6311230120732569,0.6302765860792994,0.7080873497503221,0.3849032216037915
A2SDNet121,1,1518,0.7114624505928854,0.70961199760019,0.7113907652899454,0.70961199760019,0.7090514806124236,0.928019049140563,0.9304581258565537,0.6400006763399927,0.63928419327975,0.6733425707937978,0.37309224881680897
A2SDNet121,2,1517,0.7020435069215557,0.6999234951114894,0.7081029827038832,0.6999234951114894,0.7007574030466472,0.9255514342520822,0.9267864365675098,0.6288145094378678,0.6273193214737998,0.7072907994080024,0.3954351787511596
A2SDNet121,3,1517,0.7073170731707317,0.7055665059580841,0.7105965213959123,0.7055665059580841,0.706077679766237,0.9268665877997027,0.9280860076479092,0.6349050563803633,0.633940508566323,0.6916475129328541,0.3846167833776319
A2SDNet121,4,1515,0.7148514851485148,0.7134187483840486,0.7199314468193353,0.7134187483840486,0.7133351186216459,0.928816838348612,0.9251396438035762,0.6450013299287918,0.6434863038994911,0.7085848279046149,0.3896082377615385
DeepCervix-HDFF,0,1519,0.6767610269914417,0.6748867771383134,0.68664849030674,0.6748867771383134,0.6768814154512955,0.919241631452605,0.916653963019843,0.5974926130162936,0.5957415209566104,0.7685732909912288,0.4262551625507603
DeepCervix-HDFF,1,1518,0.7009222661396575,0.7004559022087904,0.704225712353294,0.7004559022087904,0.7003097921471019,0.9253509249902256,0.9177811206804531,0.6271179695165905,0.626181587013676,0.7519802437149771,0.4133354737695742
DeepCervix-HDFF,2,1517,0.6532630191166776,0.6511111539875611,0.6633078171476818,0.6511111539875611,0.6528385491747979,0.9133218162866162,0.9123311097417683,0.5682262553850759,0.5662538349644389,0.7844166247744135,0.444763736370683
DeepCervix-HDFF,3,1517,0.6842452208305867,0.6820500486291614,0.6940367514527014,0.6820500486291614,0.6810265271045666,0.921063462557869,0.9170771747028766,0.6081836690240991,0.6049921557584778,0.7601120032599777,0.4176488693793207
DeepCervix-HDFF,4,1515,0.7023102310231023,0.7003059944491953,0.7098120255095045,0.7003059944491953,0.699127412014237,0.9256536905572432,0.9226110701008061,0.6305027333720895,0.6277184943430254,0.721237458070601,0.3949249222406872
MSCCNet,0,1519,0.685319289005925,0.6834328479881165,0.6943326227368339,0.6834328479881165,0.6840388389205284,0.9213542772496114,0.9144205835290637,0.6085643200801137,0.6063966867331092,0.7746399777798703,0.4220518160098418
MSCCNet,1,1518,0.686429512516469,0.6854659246351269,0.6863899053256157,0.6854659246351269,0.6844384875281072,0.9216819633465949,0.9170482348430475,0.6086535864355397,0.6079509292994512,0.7517847878999925,0.4137032056123876
MSCCNet,2,1517,0.6644693473961767,0.6623638446229863,0.6639932308880157,0.6623638446229863,0.6601063878415498,0.9161395784865188,0.9124236607255909,0.581777378383269,0.5803009928371793,0.7717575736590728,0.42808146303001954
MSCCNet,3,1517,0.6987475280158207,0.6967683686459046,0.6953593804656375,0.6967683686459046,0.6945892388774081,0.9247471487520904,0.9217121677362801,0.6239753071773081,0.6232393409409818,0.7301098795234927,0.40039395550381257
MSCCNet,4,1515,0.7042904290429043,0.7025358775344352,0.713315705566331,0.7025358775344352,0.7000399027257782,0.9261092198287105,0.9181192714512394,0.6334858836186145,0.6301539608379079,0.766434402676343,0.4148522981500412
CerCan-Net,0,1519,0.6576695194206715,0.6552436564947788,0.6692435669131769,0.6552436564947788,0.6556749530771768,0.9143269241285783,0.9083777868824571,0.5746834104277022,0.5715695952615991,0.8031848497744735,0.44380058734165195
CerCan-Net,1,1518,0.6574440052700923,0.6574025863598146,0.665684606558976,0.6574025863598146,0.6581105450304705,0.9144776583841479,0.9086932006534576,0.5733401491347179,0.571886706392358,0.7933590172719193,0.4402028825847937
CerCan-Net,2,1517,0.6802900461437047,0.6772806486071022,0.6788333799606531,0.6772806486071022,0.6735832671477633,0.9201426741220284,0.9158949282676595,0.6020859399765711,0.6000785987463337,0.7467668200615633,0.41357855471751087
CerCan-Net,3,1517,0.6967699406723797,0.6945286535931514,0.6962721707765287,0.6945286535931514,0.6930347304063786,0.9241988270094363,0.9034257680948325,0.6218021455454038,0.6206609377853931,0.9381579543758699,0.4211953428631807
CerCan-Net,4,1515,0.6792079207920793,0.6776760383792031,0.6882064129270058,0.6776760383792031,0.6761315824942393,0.9198119567133458,0.9105528419529666,0.6017975164898276,0.598770191865981,0.7940067904710036,0.43496054797151584
DIFF,0,1519,0.6556945358788677,0.6542210236275616,0.6707875956857633,0.6542210236275616,0.6581054653050545,0.9138980011901859,0.909179839475627,0.5710711519905468,0.5693076606970342,0.8159887670613027,0.44835520803056583
DIFF,1,1518,0.6561264822134387,0.6554731501365514,0.6728949333159229,0.6554731501365514,0.6595960001255199,0.9141153185822116,0.9050744615482088,0.5718506924371791,0.5701207454677727,0.8322802645066883,0.4585646453934289
DIFF,2,1517,0.6249176005273567,0.6232325802900355,0.6430543637445878,0.6232325802900355,0.6276405960820187,0.9061615884186824,0.9006503624948523,0.5330169389810515,0.5307164192412286,0.8480932304961182,0.48119412006499046
DIFF,3,1517,0.6664469347396177,0.6642854770154855,0.681169477783199,0.6642854770154855,0.667902294189563,0.9165631989454882,0.9117879336605821,0.5847173829265607,0.5826503482435585,0.8113744025256152,0.4467234505215341
DIFF,4,1515,0.6587458745874587,0.6570799843011782,0.6784784218551685,0.6570799843011782,0.6593903309272627,0.9146216204086484,0.9051054504493911,0.576702564293875,0.5730391405999163,0.8364252508148056,0.4628385721523075
PCA+GWO,0,1519,0.5924950625411455,0.5940994441591322,0.5945247437757737,0.5940994441591322,0.5814922517631607,0.8982604863086552,0.8517165302309954,0.49573291797065483,0.49097075789114664,2.305729091897251,0.5438840699092575
PCA+GWO,1,1518,0.5843214756258235,0.5850798502965535,0.5789678679033694,0.5850798502965535,0.5724026360248012,0.8961382287239736,0.8479824659912932,0.4840380044911324,0.4804897137442773,2.3716033049812237,0.551462387019867
PCA+GWO,2,1517,0.5425181278839816,0.5433525686040825,0.5382363127052657,0.5433525686040825,0.5284501068037903,0.8857099039805,0.8270874962293562,0.43281272881549326,0.42833049163236714,2.6002856795216838,0.5914831167515865
PCA+GWO,3,1517,0.5603164139749506,0.5614123911501985,0.5454226148085406,0.5614123911501985,0.546530036452569,0.89006622277137,0.8351960869563012,0.4531374370313083,0.4503951592315172,2.3854084072288098,0.5713908400053723
PCA+GWO,4,1515,0.5795379537953795,0.5799247985772896,0.5720581650192988,0.5799247985772896,0.5650322359603224,0.8948798714168442,0.8484658859406258,0.47874203997497794,0.4743431434013671,2.2875385989288812,0.5456897104106622
CNN+GA+SVM,0,1519,0.6471362738643844,0.6452150743858874,0.6470643868481729,0.6452150743858874,0.645229050642438,0.911765493882305,0.9019242070942436,0.558987608384971,0.5585702861325346,0.8294129974915279,0.4525115848882221
CNN+GA+SVM,1,1518,0.6686429512516469,0.6682787302030341,0.6649363636258163,0.6682787302030341,0.6653300575774097,0.9171725415394665,0.9038438874876775,0.5862870824861152,0.585671262758632,0.807462610132489,0.4426111426151321
CNN+GA+SVM,2,1517,0.6618325642715887,0.6607860101051312,0.6595572638597662,0.6607860101051312,0.6594832320665546,0.915418503026029,0.9065934955439381,0.5773369509007952,0.5770041483130628,0.8069317607346954,0.4475384322788404
CNN+GA+SVM,3,1517,0.6783124588002637,0.6770112191559597,0.6748842094096269,0.6770112191559597,0.6747263447358749,0.9194941423369845,0.9068787541783694,0.5980531954354136,0.5975204122352716,0.7856541960842123,0.4301898502666594
CNN+GA+SVM,4,1515,0.6574257425742575,0.6567347330213561,0.6585860514132311,0.6567347330213561,0.6574881002310524,0.9143507139580732,0.903799446564425,0.5716618014948672,0.5715892256149089,0.8217485838584505,0.4508876867176083
KnowledgeDistill,0,1519,0.67412771560237,0.671821869483853,0.685756753665766,0.671821869483853,0.6722649887319411,0.9185190862512528,0.9123856309180851,0.5952718229872722,0.5922992294457877,0.7976940667257496,0.431536367832297
KnowledgeDistill,1,1518,0.6870882740447958,0.6860320968486311,0.6860893890271375,0.6860320968486311,0.6843007534269687,0.9218427162900719,0.9148532504574701,0.6095558173664638,0.6087597023307298,0.7736154374438837,0.4206529173730937
KnowledgeDistill,2,1517,0.6730388925510876,0.6706264046941659,0.6755994917162302,0.6706264046941659,0.6678766909520595,0.9182985095538619,0.9136900331672818,0.5934240531923428,0.5910139964669112,0.7783892328170644,0.4299227330417819
KnowledgeDistill,3,1517,0.7066578773895847,0.7047066294427317,0.7048485623961986,0.7047066294427317,0.7027221086042795,0.9267192872011465,0.9235384988130827,0.6341915151434053,0.6331252221416686,0.7342225991558583,0.4002009664470866
KnowledgeDistill,4,1515,0.689108910891089,0.6880343251580842,0.7029532402131053,0.6880343251580842,0.6860504811289132,0.9223294910794045,0.9167458943359905,0.615288289787652,0.6112565701733741,0.7899493808792736,0.4277906852911111
MSENet,0,1519,0.20803159973666885,0.20390879478827362,0.19103242885506289,0.20390879478827362,0.07571350121597238,0.8009933747717204,0.5037945710469565,0.04326788713972481,0.004975782672972162,1.6096226192173928,0.7997998120137692
MSENet,1,1518,0.5349143610013175,0.5374250751485155,0.5420930688216247,0.5374250751485155,0.5088199312451177,0.8836977862909139,0.8460552850416466,0.4293911928144235,0.4188043087445519,1.1053725495046354,0.5879798183552909
MSENet,2,1517,0.31443638760711934,0.32159872886801494,0.14855294912636358,0.32159872886801494,0.1915679232704673,0.8286153373943094,0.5960751247070817,0.21337023040355918,0.14444279347822564,1.5525729592504918,0.7703446991633305
MSENet,3,1517,0.20369149637442321,0.2,0.09780510879848628,0.2,0.07004126624031845,0.8,0.5000897910321345,0.0,0.0,1.6102304561390155,0.8004487113729661
MSENet,4,1515,0.20396039603960395,0.2,0.04079207920792079,0.2,0.06776315789473684,0.8,0.5,0.0,0.0,1.6094379124340998,0.8000000000000003
MTFM,0,1519,0.6912442396313364,0.6888337158661704,0.6930575398062194,0.6888337158661704,0.6879331685946698,0.9228669963063204,0.9160599407368372,0.6151844544202836,0.6138074184259371,0.7597710143721973,0.41206554735178647
MTFM,1,1518,0.7108036890645586,0.7088009398510853,0.7091213020553363,0.7088009398510853,0.706316647632119,0.9277822281697746,0.9215157709758361,0.6395096289551078,0.6383389910534756,0.7335198228643107,0.3987155523671417
MTFM,2,1517,0.6849044166117337,0.6826543306154248,0.6850417792978177,0.6826543306154248,0.6803948024225206,0.9212860782496068,0.9160090663091992,0.6074682045827373,0.6059037854923879,0.7601758990393199,0.4205885088435329
MTFM,3,1517,0.6980883322346737,0.6962271690446324,0.6990643879163654,0.6962271690446324,0.6942540159439561,0.9245485502074031,0.921653036840684,0.6239020428432648,0.6223726433143175,0.7401424641005503,0.4065483810736521
MTFM,4,1515,0.7240924092409241,0.7218283822902025,0.7240970284964884,0.7218283822902025,0.7188819073228314,0.9311024434811891,0.9252046392670964,0.6567308180486011,0.6549351031483963,0.7248719546321379,0.39196942326377177
